Flu Season,Age Group,Population,Symptomatic Illnesses,Symptomatic Illnesses 95% UI Lower Bound,Symptomatic Illnesses 95% UI Upper Bound,Symptomatic Illness Rate,Symptomatic Illness Rate 95% UI Lower Bound,Symptomatic Illness Rate 95% UI Upper Bound,Medical Visits,Medical Visits 95% UI Lower Bound,Medical Visits 95% UI Upper Bound,Medical Visit Rate,Medical Visit Rate 95% UI Lower Bound,Medical Visit Rate 95% UI Upper Bound,Hospitalizations,Hospitalizations 95% UI Lower Bound,Hospitalizations 95% UI Upper Bound,Hospitalization Rate,Hospitalization Rate 95% UI Lower Bound,Hospitalization Rate 95% UI Upper Bound,Deaths,Deaths 95% UI Lower Bound,Deaths 95% UI Upper Bound,Death Rate,Death Rate 95% UI Lower Bound,Death Rate 95% UI Upper Bound
2010-2011,0-4 yrs,20201362,2927592,1777772,8567365,14492.1,8800.3,42409.8,1961487,1154396,5735412,9709.7,5714.4,28391.2,20410,12394,59728,101,61.4,295.7,211,0,566,1,0,2.8
2010-2011,5-17 yrs,53980105,5092191,2795517,16933661,9433.5,5178.8,31370.2,2647939,1394685,8742699,4905.4,2583.7,16196.2,13962,7665,46430,25.9,14.2,86,157,0,706,0.3,0,1.3
2010-2011,18-49 yrs,135515233,7806040,4334620,24195463,5760.3,3198.6,17854.4,2888235,1483815,9175119,2131.3,1094.9,6770.5,43815,24330,135809,32.3,18,100.2,5415,3213,9960,4,2.4,7.3
2010-2011,50-64 yrs,58780854,5005737,2367277,22360953,8515.9,4027.3,38041.2,2152467,951081,9699557,3661.9,1618,16501.2,53084,25104,237132,90.3,42.7,403.4,6054,3597,11314,10.3,6.1,19.2
2010-2011,65+ yrs,40267984,1914170,789715,10238745,4753.6,1961.1,25426.5,1071935,419999,5786391,2662,1043,14369.7,174015,71792,930795,432.1,178.3,2311.5,25819,10370,135046,64.1,25.8,335.4
2010-2011,All Ages,308745538,22745731,17405903,54641974,7367.1,5637.6,17698.1,10722063,8193456,25341273,3472.8,2653.8,8207.8,305287,202614,1135689,98.9,65.6,367.8,37656,21935,148537,12.2,7.1,48.1
2011-2012,0-4 yrs,20162058,962205,562527,3085150,4772.4,2790,15301.8,644677,361005,2071549,3197.5,1790.5,10274.5,6708,3922,21508,33.3,19.5,106.7,0,0,0,0,0,0
2011-2012,5-17 yrs,53772214,1886747,1042124,8054040,3508.8,1938,14978.1,981108,520181,4233989,1824.6,967.4,7873.9,5173,2857,22083,9.6,5.3,41.1,0,0,0,0,0,0
2011-2012,18-49 yrs,135641166,3640403,1585682,27908222,2683.8,1169,20575,1346949,548639,10381608,993,404.5,7653.7,20434,8900,156649,15.1,6.6,115.5,765,214,1910,0.6,0.2,1.4
2011-2012,50-64 yrs,60622338,1980634,772342,26201048,3267.2,1274,43220.1,851672,317604,11330116,1404.9,523.9,18689.7,21004,8190,277855,34.6,13.5,458.3,2335,1304,3938,3.9,2.2,6.5
2011-2012,65+ yrs,41394141,968289,367147,8282166,2339.2,887,20008.1,542242,196467,4546539,1309.9,474.6,10983.5,88026,33377,752924,212.7,80.6,1818.9,9416,4161,32631,22.7,10.1,78.8
2011-2012,All Ages,311591917,9438277,6832106,53954081,3029.1,2192.6,17315.6,4366649,3203401,23175824,1401.4,1028.1,7437.9,141345,87130,976859,45.4,28,313.5,12516,7162,36042,4,2.3,11.6
2012-2013,0-4 yrs,19999344,3574547,2327631,8318162,17873.3,11638.5,41592.2,2394947,1497736,5622500,11975.1,7488.9,28113.4,24920,16227,57991,124.6,81.1,290,292,61,647,1.5,0.3,3.2
2012-2013,5-17 yrs,53728744,6927102,5013189,10621736,12892.7,9330.6,19769.2,3602093,2467783,5692410,6704.2,4593,10594.7,18993,13746,29124,35.3,25.6,54.2,868,406,1539,1.6,0.8,2.9
2012-2013,18-49 yrs,135875135,11177735,6550888,29302033,8226.5,4821.3,21565.4,4135762,2233695,11114783,3043.8,1643.9,8180.1,62741,36770,164473,46.2,27.1,121,2036,1174,3427,1.5,0.9,2.5
2012-2013,50-64 yrs,61165461,7943517,4352660,24012888,12986.9,7116.2,39258.9,3415712,1716644,10589663,5584.4,2806.6,17313.1,84239,46159,254650,137.7,75.5,416.3,4148,2768,6814,6.8,4.5,11.1
2012-2013,65+ yrs,43145356,4287276,1906056,20262251,9936.8,4417.8,46962.8,2400874,1009864,11397801,5564.6,2340.6,26417.2,389752,173278,1842023,903.3,401.6,4269.3,35285,17734,110212,81.8,41.1,255.4
2012-2013,All Ages,313914040,33910178,27170116,66070549,10802.4,8655.3,21047.3,15949389,12630036,30923413,5080.8,4023.4,9850.9,580645,366094,2059201,185,116.6,656,42629,25006,117874,13.6,8,37.5
2013-2014,0-4 yrs,19868088,2554808,1778649,4679369,12858.9,8952.3,23552.2,1711722,1125337,3209398,8615.4,5664,16153.5,17811,12400,32622,89.6,62.4,164.2,75,0,270,0.4,0,1.4
2013-2014,5-17 yrs,53717784,4084829,3070939,5858050,7604.2,5716.8,10905.2,2124111,1484567,3156264,3954.2,2763.6,5875.6,11200,8420,16062,20.8,15.7,29.9,56,0,277,0.1,0,0.5
2013-2014,18-49 yrs,135963236,13244139,9219706,22176663,9741,6781,16310.8,4900331,3075579,8548584,3604.2,2262.1,6287.4,74339,51750,124478,54.7,38.1,91.6,3435,1960,8549,2.5,1.4,6.3
2013-2014,50-64 yrs,61875657,8711902,5785719,16117275,14079.7,9350.6,26047.8,3746118,2249972,7278684,6054.3,3636.3,11763.4,92387,61356,170919,149.3,99.2,276.2,6023,3626,14222,9.7,5.9,23
2013-2014,65+ yrs,44704074,1727048,925329,4956340,3863.3,2069.9,11087,967147,486674,2776059,2163.4,1088.7,6209.9,157004,84121,450576,351.2,188.2,1007.9,28139,13547,88761,62.9,30.3,198.6
2013-2014,All Ages,316128839,30322726,25161247,43041050,9591.9,7959.2,13615,13449429,10954814,19351248,4254.4,3465.3,6121.3,352742,268463,668203,111.6,84.9,211.4,37728,23082,100102,11.9,7.3,31.7
2014-2015,0-4 yrs,19876883,3198522,2168423,6483850,16091.7,10909.3,32620.1,2143010,1393211,4416307,10781.4,7009.2,22218.3,22299,15117,45203,112.2,76.1,227.4,396,168,692,2,0.8,3.5
2014-2015,5-17 yrs,53706735,6388401,5013722,8655175,11895,9335.4,16115.6,3321969,2415922,4689163,6185.4,4498.4,8731.1,17516,13747,23732,32.6,25.6,44.2,407,147,746,0.8,0.3,1.4
2014-2015,18-49 yrs,136381837,8606083,7271611,11603232,6310.3,5331.8,8507.9,3184251,2253647,4598176,2334.8,1652.5,3371.5,48306,40816,65129,35.4,29.9,47.8,985,530,1660,0.7,0.4,1.2
2014-2015,50-64 yrs,62648390,7255317,5003795,12705303,11581,7987.1,20280.3,3119786,1912890,5672898,4979.8,3053.4,9055.1,76941,53064,134736,122.8,84.7,215.1,4780,3561,6564,7.6,5.7,10.5
2014-2015,65+ yrs,46243211,4672995,2740752,11057211,10105.3,5926.8,23911,2616877,1423121,6276496,5658.9,3077.5,13572.8,424818,249159,1005201,918.7,538.8,2173.7,44808,27707,93712,96.9,59.9,202.7
2014-2015,All Ages,318857056,30121318,26162156,39821956,9446.7,8205,12489,14385893,12018541,19769675,4511.7,3769.3,6200.2,589879,416133,1180502,185,130.5,370.2,51376,34124,100161,16.1,10.7,31.4
2015-2016,0-4 yrs,19907281,2187759,1508819,4242804,10989.7,7579.2,21312.8,1465798,960290,2852822,7363.1,4823.8,14330.5,15252,10519,29579,76.6,52.8,148.6,151,0,354,0.8,0,1.8
2015-2016,5-17 yrs,53737830,4098397,2862150,6764203,7626.7,5326.1,12587.4,2131166,1420449,3605669,3965.9,2643.3,6709.7,11237,7848,18547,20.9,14.6,34.5,82,0,221,0.2,0,0.4
2015-2016,18-49 yrs,136800721,9302346,6673932,15135051,6799.9,4878.6,11063.6,3441868,2205100,5861711,2516,1611.9,4284.9,52214,37461,84953,38.2,27.4,62.1,1581,1019,2336,1.2,0.7,1.7
2015-2016,50-64 yrs,63212136,6723617,4530984,12021370,10636.6,7167.9,19017.5,2891155,1756580,5422741,4573.7,2778.9,8578.6,71302,48050,127483,112.8,76,201.7,2974,2158,4206,4.7,3.4,6.7
2015-2016,65+ yrs,47760852,1408825,782271,3787142,2949.7,1637.9,7929.4,788942,415825,2160957,1651.9,870.6,4524.5,128075,71116,344286,268.2,148.9,720.9,17386,11886,33203,36.4,24.9,69.5
2015-2016,All Ages,321418820,23720943,19975998,32717435,7380.1,6214.9,10179.1,10718930,8721374,15078018,3334.9,2713.4,4691.1,278081,214649,505759,86.5,66.8,157.4,22173,16534,38260,6.9,5.1,11.9
2016-2017,0-4 yrs,19927037,2131309,1403908,5347097,10695.6,7045.2,26833.4,1427977,891162,3592884,7166,4472.1,18030.2,14859,9787,37278,74.6,49.1,187.1,131,0,310,0.7,0,1.6
2016-2017,5-17 yrs,53715248,6522049,4194961,13807864,12141.9,7809.6,25705.7,3391465,2070913,7263897,6313.8,3855.4,13523,17883,11502,37860,33.3,21.4,70.5,116,0,321,0.2,0,0.6
2016-2017,18-49 yrs,136938833,9460679,6620276,16572347,6908.7,4834.5,12102,3500451,2164889,6479016,2556.2,1580.9,4731.3,53103,37160,93021,38.8,27.1,67.9,1384,879,2025,1,0.6,1.5
2016-2017,50-64 yrs,63302200,7555221,5185512,14373044,11935.2,8191.7,22705.4,3248745,1974610,6367290,5132.1,3119.3,10058.6,80121,54991,152422,126.6,86.9,240.8,3937,3002,5154,6.2,4.7,8.1
2016-2017,65+ yrs,49244195,3712827,2351419,7797052,7539.6,4775,15833.4,2079183,1214174,4400601,4222.2,2465.6,8936.3,337530,213765,708823,685.4,434.1,1439.4,32211,21945,55593,65.4,44.6,112.9
2016-2017,All Ages,323127513,29382085,24405446,43265441,9093,7552.9,13389.6,13647822,11084707,20460365,4223.7,3430.4,6332,503495,377153,893192,155.8,116.7,276.4,37778,27470,61147,11.7,8.5,18.9
2017-2018,0-4 yrs,19938860,3363143,2424222,6073699,16867.3,12158.3,30461.6,2253306,1531439,4158689,11301.1,7680.7,20857.2,23446,16901,42343,117.6,84.8,212.4,109,0,258,0.5,0,1.3
2017-2018,5-17 yrs,53716518,7172065,5434795,10686733,13351.7,10117.5,19894.7,3729474,2650187,5753827,6942.9,4933.7,10711.5,19665,14902,29302,36.6,27.7,54.5,412,172,709,0.8,0.3,1.3
2017-2018,18-49 yrs,137808369,13580244,9935879,21985828,9854.4,7209.9,15953.9,5024690,3264135,8630042,3646.1,2368.6,6262.3,76226,55770,123407,55.3,40.5,89.5,2241,1636,2994,1.6,1.2,2.2
2017-2018,50-64 yrs,63396752,11734169,9022154,16933052,18509.1,14231.3,26709.7,5045693,3397829,7831612,7958.9,5359.6,12353.3,124438,95677,179570,196.3,150.9,283.2,5808,4709,7236,9.2,7.4,11.4
2017-2018,65+ yrs,50858679,5124978,3497476,9086281,10076.9,6876.9,17865.7,2869988,1779250,5318764,5643.1,3498.4,10457.9,465907,317952,826026,916.1,625.2,1624.2,43264,27831,90226,85.1,54.7,177.4
2017-2018,All Ages,325719178,40974598,35361297,52865929,12579.7,10856.4,16230.5,18923150,15875975,24784852,5809.7,4874.1,7609.3,709682,556889,1089406,217.9,171,334.5,51835,36308,98655,15.9,11.1,30.3
2018-2019,0-4 yrs,19810275,2914867,2365213,4081204,14713.9,11939.3,20601.5,1952961,1461312,2814758,9858.3,7376.5,14208.6,20321,16489,28452,102.6,83.2,143.6,225,71,681,1.1,0.4,3.4
2018-2019,5-17 yrs,53589067,6409815,5021752,9128739,11961,9370.9,17034.7,3333104,2416755,4896837,6219.7,4509.8,9137.8,17575,13769,25030,32.8,25.7,46.7,162,29,564,0.3,0.1,1.1
2018-2019,18-49 yrs,138179699,10150228,7478296,17307362,7345.7,5412,12525.3,3755584,2434631,6532852,2717.9,1761.9,4727.8,56973,41976,97146,41.2,30.4,70.3,1668,981,4725,1.2,0.7,3.4
2018-2019,50-64 yrs,63157200,7570994,5660323,12907807,11987.5,8962.3,20437.6,3255528,2097769,5806968,5154.6,3321.5,9194.5,80288,60026,136884,127.1,95,216.7,4640,2943,12792,7.3,4.7,20.3
2018-2019,65+ yrs,52431193,2420025,1617918,5109840,4615.6,3085.8,9745.8,1355214,826969,2899706,2584.7,1577.2,5530.5,220002,147083,464531,419.6,280.5,886,24811,14636,70722,47.3,27.9,134.9
2018-2019,All Ages,327167434,29465930,25465732,39185884,9006.4,7783.7,11977.3,13652391,11429716,18125015,4172.9,3493.5,5540,395160,317089,646999,120.8,96.9,197.8,31506,21379,79108,9.6,6.5,24.2
2019-2020,0-4 yrs,19576683,3483917,2772930,6360208,17796.3,14164.5,32488.7,2334224,1698525,4276257,11923.5,8676.3,21843.6,24288,19332,44341,124.1,98.8,226.5,346,121,1553,1.8,0.6,7.9
2019-2020,5-17 yrs,53462467,6451335,4914513,13783704,12067,9192.5,25782,3354694,2322073,7320836,6274.9,4343.4,13693.4,17689,13475,37794,33.1,25.2,70.7,153,25,700,0.3,0,1.3
2019-2020,18-49 yrs,138216422,13772745,9506997,32807025,9964.6,6878.3,23736,5095916,3103891,12197913,3686.9,2245.7,8825.2,77307,53363,184146,55.9,38.6,133.2,2390,1346,9673,1.7,1,7
2019-2020,50-64 yrs,62925688,8421049,6105672,17556938,13382.5,9703,27901.1,3621051,2284281,7831311,5754.5,3630.1,12445.3,89303,64749,186186,141.9,102.9,295.9,5945,3477,24805,9.4,5.5,39.4
2019-2020,65+ yrs,54058263,1897633,1306181,4234707,3510.3,2416.2,7833.6,1062675,655287,2407392,1965.8,1212.2,4453.3,172512,118744,384973,319.1,219.7,712.1,16831,10004,71129,31.1,18.5,131.6
2019-2020,All Ages,328239523,34026679,27924786,57709500,10366.4,8507.4,17581.5,15468560,12494104,25593408,4712.6,3806.4,7797.2,381099,308860,653726,116.1,94.1,199.2,25666,17896,88084,7.8,5.5,26.8
2021-2022,0-4 yrs,18827338,799711,623793,1296423,4247.6,3313.2,6885.9,535806,387039,891098,2845.9,2055.7,4733,5575,4349,9038,29.6,23.1,48,0,0,0,0,0,0
2021-2022,5-17 yrs,54739095,2833787,1968703,5893747,5176.9,3596.5,10767,1473569,966763,3115489,2692,1766.1,5691.5,7770,5398,16160,14.2,9.9,29.5,0,0,0,0,0,0
2021-2022,18-49 yrs,138769369,5095320,3197763,11811071,3671.8,2304.4,8511.3,1885269,1067851,4511267,1358.6,769.5,3250.9,28600,17949,66296,20.6,12.9,47.8,140,0,501,0.1,0,0.4
2021-2022,50-64 yrs,63709990,1913390,1234030,4328148,3003.3,1936.9,6793.5,822758,479081,1923046,1291.4,752,3018.4,20291,13087,45899,31.8,20.5,72,801,393,2178,1.3,0.6,3.4
2021-2022,65+ yrs,55847953,679586,429263,1629286,1216.9,768.6,2917.4,380568,221418,928215,681.4,396.5,1662,61781,39024,148117,110.6,69.9,265.2,5368,3082,14772,9.6,5.5,26.5
2021-2022,All Ages,331893745,11321794,8994928,19582249,3411.3,2710.2,5900.2,5097970,4013704,8598803,1536,1209.3,2590.8,124017,96579,226772,37.4,29.1,68.3,6309,3980,15863,1.9,1.2,4.8
2022-2023,0-4 yrs,18538353,2619030,2249523,5287196,14127.6,12134.4,28520.3,1754750,1337047,3511799,9465.5,7212.3,18943.4,18259,15683,36860,98.5,84.6,198.8,151,29,349,0.8,0.2,1.9
2022-2023,5-17 yrs,53912474,7326572,5908967,14858495,13589.8,10960.3,27560.4,3809817,2766378,7836649,7066.7,5131.2,14535.9,20089,16202,40741,37.3,30.1,75.6,325,99,726,0.6,0.2,1.3
2022-2023,18-49 yrs,140148894,10918603,8176263,23243035,7790.7,5834,16584.5,4039883,2620493,8822068,2882.6,1869.8,6294.8,61286,45893,130463,43.7,32.7,93.1,1266,791,2719,0.9,0.6,1.9
2022-2023,50-64 yrs,62892984,5987192,4693605,12442791,9519.6,7462.8,19784.1,2574492,1679446,5583346,4093.4,2670.3,8877.5,63493,49774,131952,101,79.1,209.8,4093,3104,8542,6.5,4.9,13.6
2022-2023,65+ yrs,57794852,1932667,1343753,3857020,3344,2325,6673.6,1082294,665105,2279827,1872.6,1150.8,3944.7,175697,122159,350638,304,211.4,606.7,19185,12045,42058,33.2,20.8,72.8
2022-2023,All Ages,333287557,28784064,24506872,43147844,8636.4,7353.1,12946.1,13261237,10915198,19496025,3978.9,3275,5849.6,338823,273245,537445,101.7,82,161.3,25020,17626,48405,7.5,5.3,14.5
2023-2024,0-4 yrs,18511160,2556047,2197093,5245487,13808.1,11869,28336.9,1712552,1310883,3473435,9251.5,7081.6,18764,17820,15317,36569,96.3,82.7,197.6,275,62,538,1.5,0.3,2.9
2023-2024,5-17 yrs,54320701,8224211,6646154,16688328,15140.1,12235,30721.9,4276590,3099730,8769774,7872.9,5706.4,16144.4,22550,18223,45758,41.5,33.5,84.2,237,104,807,0.4,0.2,1.5
2023-2024,18-49 yrs,140303491,15660509,11634074,33264330,11161.9,8292.1,23708.8,5794388,3740367,12533446,4129.9,2665.9,8933.1,87903,65302,186713,62.7,46.5,133.1,2361,1701,6604,1.7,1.2,4.7
2023-2024,50-64 yrs,62531182,8444156,6608975,17530642,13503.9,10569.1,28035,3630987,2372518,7798223,5806.7,3794.1,12470.9,89548,70086,185908,143.2,112.1,297.3,5166,3065,11428,8.3,4.9,18.3
2023-2024,65+ yrs,59248361,2386916,1653801,4743785,4028.7,2791.3,8006.6,1336673,813513,2812092,2256.1,1373.1,4746.3,216992,150346,431253,366.2,253.8,727.9,17778,14600,51186,30,24.6,86.4
2023-2024,All Ages,334914895,37271839,31540307,56997973,11128.7,9417.4,17018.6,16751190,13581257,24988821,5001.6,4055.1,7461.2,434813,349774,682067,129.8,104.4,203.7,25818,21863,60784,7.7,6.5,18.1
2024-2025,0-4 yrs,18599314,3203225,2764850,6522560,17222.3,14865.3,35068.8,2146161,1646883,4333451,11538.9,8854.5,23299,22331,19275,45472,120.1,103.6,244.5,433,125,802,2.3,0.7,4.3
2024-2025,5-17 yrs,54533406,10072418,8151286,20493154,18470.2,14947.3,37579.1,5237657,3797797,10763069,9604.5,6964.2,19736.7,27618,22350,56190,50.6,41,103,357,195,1156,0.7,0.4,2.1
2024-2025,18-49 yrs,143650318,20220706,15084945,42840001,14076.3,10501.2,29822.4,7481661,4848382,16179760,5208.2,3375.1,11263.3,113499,84672,240461,79,58.9,167.4,2929,2138,8115,2,1.5,5.6
2024-2025,50-64 yrs,62148032,13086265,10213509,27159964,21056.6,16434.2,43702,5627094,3678145,12045947,9054.3,5918.4,19382.7,138776,108311,288024,223.3,174.3,463.4,9485,5767,20683,15.3,9.3,33.3
2024-2025,65+ yrs,61179918,4484005,3107842,8972886,7329.2,5079.8,14666.4,2511043,1528421,5249161,4104.4,2498.2,8579.9,407637,282531,815717,666.3,461.8,1333.3,31734,26075,92161,51.9,42.6,150.6
2024-2025,All Ages,340110988,51066619,43061064,76353841,15014.7,12660.9,22449.7,23003616,18704879,33786514,6763.6,5499.6,9934,709861,561721,1152703,208.7,165.2,338.9,44938,37968,106911,13.2,11.2,31.4
