Burden,Season,Date,Low,High,,,,,,,,
Deaths,2024-2025,10/12/2024,"1,700","5,500",,,,,,,,
Hospitalizations,2024-2025,10/12/2024,"15,000","44,000",,,,,,,,
Outpatient visits,2024-2025,10/12/2024,"120,000","380,000",,,,,,,,
Illnesses,2024-2025,10/12/2024,"460,000","1,600,000",,,,,,,,
Deaths,2024-2025,10/19/2024,"3,000","5,000",,,,,,,,
Hospitalizations,2024-2025,10/19/2024,"25,000","40,000",,,,,,100 800,,
Outpatient visits,2024-2025,10/19/2024,"200,000","350,000",,,,,,,,
Illnesses,2024-2025,10/19/2024,"760,000","1,600,000",,,,,,64000.00,,
Deaths,2024-2025,11/30/2024,"7,500","13,000",,,,,,140400.00,,
Hospitalizations,2024-2025,11/30/2024,"64,000","110,000",,,,,,,,
Outpatient visits,2024-2025,11/30/2024,"540,000","940,000",,,,,,,,
Illnesses,2024-2025,11/30/2024,"2,200,000","4,000,000",,,,,,,,
Deaths,2024-2025,12/7/2024,"8,200","13,000",,,,,,,,
Hospitalizations,2024-2025,12/7/2024,"72,000","120,000",,,,,,,,
Outpatient visits,2024-2025,12/7/2024,"610,000","1,000,000",,,,,,,,
Illnesses,2024-2025,12/7/2024,"2,500,000","4,400,000",,,,,,,,
Deaths,2024-2025,12/14/2024,"8,900","15,000",,,,,,,,
Hospitalizations,2024-2025,12/14/2024,"78,000","130,000",,,,,,,,
Deaths,2024-2025,10/26/2024,"3,900","6,100",,,,,,,,
Hospitalizations,2024-2025,10/26/2024,"34,000","53,000",,,,,,,,
Outpatient visits,2024-2025,10/26/2024,"280,000","460,000",,,,,,,,
Illnesses,2024-2025,10/26/2024,"1,100,000","2,100,000",,,,,,,,
Deaths,2024-2025,11/2/2024,"4,500","7,100",,,,,,,,
Hospitalizations,2024-2025,11/2/2024,"39,000","61,000",,,,,,,,
Outpatient visits,2024-2025,11/2/2024,"330,000","540,000",,,,,,,,
Illnesses,2024-2025,11/2/2024,"1,200,000","2,400,000",,,,,,,,
Deaths,2024-2025,11/9/2024,"5,100","8,000",,,,,,,,
Hospitalizations,2024-2025,11/9/2024,"44,000","69,000",,,,,,,,
Outpatient visits,2024-2025,11/9/2024,"370,000","610,000",,,,,,,,
Illnesses,2024-2025,11/9/2024,"1,500,000","2,700,000",,,,,,,,
Deaths,2024-2025,11/16/2024,"5,900","9,500",,,,,,,,
Hospitalizations,2024-2025,11/16/2024,"52,000","81,000",,,,,,,,
Outpatient visits,2024-2025,11/16/2024,"440,000","720,000",,,,,,,,
Illnesses,2024-2025,11/16/2024,"1,700,000","3,100,000",,,,,,,,
Deaths,2024-2025,11/23/2024,"6,500","11,000",,,,,,,,
Hospitalizations,2024-2025,11/23/2024,"56,000","90,000",,,,,,,,
Outpatient visits,2024-2025,11/23/2024,"480,000","790,000",,,,,,,,
Outpatient visits,2024-2025,12/14/2024,"670,000","1,100,000",,,,,,,,
Illnesses,2024-2025,12/14/2024,"2,700,000","4,900,000",,,,,,,,
Deaths,2024-2025,1/4/2025,"13,000","22,000",,,,,,,,
Hospitalizations,2024-2025,1/4/2025,"110,000","190,000",,,,,,,,
Outpatient visits,2024-2025,1/4/2025,"940,000","1,600,000",,,,,,,,
Illnesses,2024-2025,1/4/2025,"3,900,000","7,000,000",,,,,,,,
Deaths,2024-2025,1/11/2025,"14,000","25,000",,,,,,,,
Hospitalizations,2024-2025,1/11/2025,"120,000","210,000",,,,,,,,
Outpatient visits,2024-2025,1/11/2025,"1,100,000","1,900,000",,,,,,,,
Illnesses,2024-2025,1/11/2025,"4,400,000","7,900,000",,,,,,,,
Deaths,2024-2025,1/18/2025,"16,000","29,000",,,,,,,,
Hospitalizations,2024-2025,1/18/2025,"140,000","250,000",,,,,,,,
Outpatient visits,2024-2025,1/18/2025,"1,200,000","2,100,000",,,,,,,,
Illnesses,2024-2025,1/18/2025,"4,800,000","9,000,000",,,,,,,,
Deaths,2024-2025,1/25/2025,"17,000","30,000",,,,,,,,
Hospitalizations,2024-2025,1/25/2025,"150,000","260,000",,,,,,,,
Outpatient visits,2024-2025,1/25/2025,"1,300,000","2,300,000",,,,,,,,
Illnesses,2024-2025,1/25/2025,"5,100,000","9,500,000",,,,,,,,
Deaths,2024-2025,2/1/2025,"18,000","31,000",,,,,,,,
Hospitalizations,2024-2025,2/1/2025,"160,000","270,000",,,,,,,,
Outpatient visits,2024-2025,2/1/2025,"1,400,000","2,400,000",,,,,,,,
Illnesses,2024-2025,2/1/2025,"5,500,000","10,100,000",,,,,,,,
Deaths,2024-2025,2/8/2025,"19,000","34,000",,,,,,,,
Hospitalizations,2024-2025,2/8/2025,"170,000","290,000",,,,,,,,
Outpatient visits,2024-2025,2/8/2025,"1,500,000","2,600,000",,,,,,,,
Illnesses,2024-2025,2/8/2025,"6,000,000","10,800,000",,,,,,,,
Deaths,2024-2025,2/15/2025,"21,000","36,000",,,,,,,,
Hospitalizations,2024-2025,2/15/2025,"180,000","310,000",,,,,,,,
Outpatient visits,2024-2025,2/15/2025,"1,500,000","2,700,000",,,,,,,,
Illnesses,2024-2025,2/15/2025,"6,400,000","11,500,000",,,,,,,,
Deaths,2024-2025,2/22/2025,"22,000","37,000",,,,,,,,
Hospitalizations,2024-2025,2/22/2025,"190,000","320,000",,,,,,,,
Outpatient visits,2024-2025,2/22/2025,"1,600,000","2,800,000",,,,,,,,
Illnesses,2024-2025,2/22/2025,"6,600,000","11,900,000",,,,,,,,
Deaths,2024-2025,3/1/2025,"23,000","39,000",,,,,,,,
Hospitalizations,2024-2025,3/1/2025,"200,000","340,000",,,,,,,,
Outpatient visits,2024-2025,3/1/2025,"1,700,000","2,900,000",,,,,,,,
Illnesses,2024-2025,3/1/2025,"7,000,000","12,200,000",,,,,,,,
Deaths,2024-2025,3/8/2025,"24,000","41,000",,,,,,,,
Hospitalizations,2024-2025,3/8/2025,"210,000","350,000",,,,,,,,
Outpatient visits,2024-2025,3/8/2025,"1,700,000","3,000,000",,,,,,,,
Illnesses,2024-2025,3/8/2025,"7,200,000","12,800,000",,,,,,,,
Deaths,2024-2025,3/15/2025,"25,000","42,000",,,,,,,,
Hospitalizations,2024-2025,3/15/2025,"210,000","360,000",,,,,,,,
Outpatient visits,2024-2025,3/15/2025,"1,800,000","3,100,000",,,,,,,,
Illnesses,2024-2025,3/15/2025,"7,600,000","13,100,000",,,,,,,,
Deaths,2024-2025,3/22/2025,"26,000","43,000",,,,,,,,
Hospitalizations,2024-2025,3/22/2025,"220,000","370,000",,,,,,,,
Illnesses,2024-2025,11/23/2024,"1,900,000","3,400,000",,,,,,,,
Outpatient visits,2024-2025,3/22/2025,"1,900,000","3,200,000",,,,,,,,
Illnesses,2024-2025,3/22/2025,"7,700,000","13,500,000",,,,,,,,
Deaths,2024-2025,3/29/2025,"26,000","44,000",,,,,,,,
Hospitalizations,2024-2025,3/29/2025,"230,000","370,000",,,,,,,,
Outpatient visits,2024-2025,3/29/2025,"2,000,000","3,300,000",,,,,,,,
Illnesses,2024-2025,3/29/2025,"8,100,000","13,800,000",,,,,,,,
Deaths,2024-2025,4/5/2025,"28,000","46,000",,,,,,,,
Hospitalizations,2024-2025,4/5/2025,"230,000","390,000",,,,,,,,
Outpatient visits,2024-2025,4/5/2025,"2,000,000","3,400,000",,,,,,,,
Illnesses,2024-2025,4/5/2025,"8,400,000","14,200,000",,,,,,,,
Deaths,2024-2025,4/12/2025,"28,000","47,000",,,,,,,,
Hospitalizations,2024-2025,4/12/2025,"240,000","400,000",,,,,,,,
Outpatient visits,2024-2025,4/12/2025,"2,100,000","3,500,000",,,,,,,,
Illnesses,2024-2025,4/12/2025,"8,600,000","14,600,000",,,,,,,,
Deaths,2024-2025,4/19/2025,"29,000","47,000",,,,,,,,
Hospitalizations,2024-2025,4/19/2025,"250,000","400,000",,,,,,,,
Outpatient visits,2024-2025,4/19/2025,"2,100,000","3,500,000",,,,,,,,
Illnesses,2024-2025,4/19/2025,"8,800,000","14,800,000",,,,,,,,
Deaths,2024-2025,4/26/2025,"29,000","47,000",,,,,,,,
Hospitalizations,2024-2025,4/26/2025,"250,000","410,000",,,,,,,,
Outpatient visits,2024-2025,4/26/2025,"2,200,000","3,600,000",,,,,,,,
Illnesses,2024-2025,4/26/2025,"9,000,000","15,200,000",,,,,,,,
Deaths,2024-2025,5/3/2025,"29,000","48,000",,,,,,,,
Hospitalizations,2024-2025,5/3/2025,"250,000","410,000",,,,,,,,
Outpatient visits,2024-2025,5/3/2025,"2,200,000","3,600,000",,,,,,,,
Illnesses,2024-2025,5/3/2025,"9,100,000","15,400,000",,,,,,,,
Deaths,2024-2025,5/10/2025,"30,000","50,000",,,,,,,,
Hospitalizations,2024-2025,5/10/2025,"260,000","430,000",,,,,,,,
Outpatient visits,2024-2025,5/10/2025,"2,300,000","3,700,000",,,,,,,,
Illnesses,2024-2025,5/10/2025,"9,300,000","15,600,000",,,,,,,,
Deaths,2024-2025,5/17/2025,"30,000","50,000",,,,,,,,
Hospitalizations,2024-2025,5/17/2025,"260,000","430,000",,,,,,,,
Outpatient visits,2024-2025,5/17/2025,"2,300,000","3,700,000",,,,,,,,
Illnesses,2024-2025,5/17/2025,"9,400,000","15,700,000",,,,,,,,
Deaths,2024-2025,5/24/2025,"31,000","50,000",,,,,,,,
Hospitalizations,2024-2025,5/24/2025,"270,000","430,000",,,,,,,,
Outpatient visits,2024-2025,5/24/2025,"2,300,000","3,800,000",,,,,,,,
Illnesses,2024-2025,5/24/2025,"9,600,000","15,800,000",,,,,,,,
Deaths,2024-2025,5/31/2025,"32,000","51,000",,,,,,,,
Hospitalizations,2024-2025,5/31/2025,"270,000","430,000",,,,,,,,
Outpatient visits,2024-2025,5/31/2025,"2,400,000","3,800,000",,,,,,,,
Illnesses,2024-2025,5/31/2025,"9,700,000","16,000,000",,,,,,,,
Deaths,2024-2025,6/7/2025,"32,000","51,000",,,,,,,,
Hospitalizations,2024-2025,6/7/2025,"270,000","440,000",,,,,,,,
Outpatient visits,2024-2025,6/7/2025,"2,400,000","3,800,000",,,,,,,,
Illnesses,2024-2025,6/7/2025,"9,800,000","16,100,000",,,,,,,,
Deaths,2024-2025,6/14/2025,"32,000","51,000",,,,,,,,
Hospitalizations,2024-2025,6/14/2025,"280,000","440,000",,,,,,,,
Outpatient visits,2024-2025,6/14/2025,"2,400,000","3,900,000",,,,,,,,
Illnesses,2024-2025,6/14/2025,"9,900,000","16,200,000",,,,,,,,
Deaths,2024-2025,6/21/2025,"33,000","52,000",,,,,,,,
Hospitalizations,2024-2025,6/21/2025,"280,000","450,000",,,,,,,,
Outpatient visits,2024-2025,6/21/2025,"2,500,000","3,900,000",,,,,,,,
Illnesses,2024-2025,6/21/2025,"10,100,000","16,400,000",,,,,,,,
Deaths,2024-2025,7/5/2025,"34,000","53,000",,,,,,,,
Hospitalizations,2024-2025,7/5/2025,"290,000","450,000",,,,,,,,
Outpatient visits,2024-2025,7/5/2025,"2,500,000","4,000,000",,,,,,,,
Illnesses,2024-2025,7/5/2025,"10,400,000","16,700,000",,,,,,,,
Deaths,2024-2025,7/12/2025,"35,000","53,000",,,,,,,,
Hospitalizations,2024-2025,7/12/2025,"300,000","460,000",,,,,,,,
Outpatient visits,2024-2025,7/12/2025,"2,600,000","4,000,000",,,,,,,,
Illnesses,2024-2025,7/12/2025,"10,600,000","16,800,000",,,,,,,,
Deaths,2024-2025,7/19/2025,"35,000","54,000",,,,,,,,
Hospitalizations,2024-2025,7/19/2025,"300,000","460,000",,,,,,,,
Outpatient visits,2024-2025,7/19/2025,"2,600,000","4,100,000",,,,,,,,
Illnesses,2024-2025,7/19/2025,"10,800,000","17,100,000",,,,,,,,
Deaths,2024-2025,7/26/2025,"35,000","54,000",,,,,,,,
Hospitalizations,2024-2025,7/26/2025,"300,000","460,000",,,,,,,,
Outpatient visits,2024-2025,7/26/2025,"2,700,000","4,100,000",,,,,,,,
Illnesses,2024-2025,7/26/2025,"10,900,000","17,300,000",,,,,,,,
Deaths,2024-2025,8/2/2025,"36,000","54,000",,,,,,,,
Hospitalizations,2024-2025,8/2/2025,"310,000","470,000",,,,,,,,
Outpatient visits,2024-2025,8/2/2025,"2,700,000","4,200,000",,,,,,,,
Illnesses,2024-2025,8/2/2025,"11,300,000","17,600,000",,,,,,,,
Deaths,2024-2025,8/9/2025,"37,000","56,000",,,,,,,,
Hospitalizations,2024-2025,8/9/2025,"320,000","480,000",,,,,,,,
Outpatient visits,2024-2025,8/9/2025,"2,800,000","4,200,000",,,,,,,,
Illnesses,2024-2025,8/9/2025,"11,500,000","18,000,000",,,,,,,,
Deaths,2024-2025,8/16/2025,"38,000","57,000",,,,,,,,
Hospitalizations,2024-2025,8/16/2025,"330,000","490,000",,,,,,,,
Outpatient visits,2024-2025,8/16/2025,"2,900,000","4,300,000",,,,,,,,
Illnesses,2024-2025,8/16/2025,"12,000,000","18,300,000",,,,,,,,
Deaths,2024-2025,8/23/2025,"39,000","57,000",,,,,,,,
Hospitalizations,2024-2025,8/23/2025,"340,000","500,000",,,,,,,,
Outpatient visits,2024-2025,8/23/2025,"2,900,000","4,300,000",,,,,,,,
Illnesses,2024-2025,8/23/2025,"12,400,000","18,600,000",,,,,,,,
Deaths,2024-2025,8/30/2025,"39,000","58,000",,,,,,,,
Hospitalizations,2024-2025,8/30/2025,"350,000","510,000",,,,,,,,
Outpatient visits,2024-2025,8/30/2025,"3,000,000","4,400,000",,,,,,,,
Illnesses,2024-2025,8/30/2025,"12,700,000","19,100,000",,,,,,,,
Deaths,2024-2025,9/6/2025,"42,000","60,000",,,,,,,,
Hospitalizations,2024-2025,9/6/2025,"360,000","520,000",,,,,,,,
Outpatient visits,2024-2025,9/6/2025,"3,200,000","4,600,000",,,,,,,,
Illnesses,2024-2025,9/6/2025,"13,200,000","19,400,000",,,,,,,,
Deaths,2024-2025,9/13/2025,"42,000","61,000",,,,,,,,
Hospitalizations,2024-2025,9/13/2025,"370,000","530,000",,,,,,,,
Outpatient visits,2024-2025,9/13/2025,"3,200,000","4,700,000",,,,,,,,
Illnesses,2024-2025,9/13/2025,"13,400,000","20,000,000",,,,,,,,
Deaths,2024-2025,9/20/2025,"44,000","63,000",,,,,,,,
Hospitalizations,2024-2025,9/20/2025,"380,000","540,000",,,,,,,,
Outpatient visits,2024-2025,9/20/2025,"3,300,000","4,800,000",,,,,,,,
Illnesses,2024-2025,9/20/2025,"13,800,000","20,300,000",,,,,,,,
Deaths,2024-2025,9/27/2025,"45,000","64,000",,,,,,,,
Hospitalizations,2024-2025,9/27/2025,"390,000","550,000",,,,,,,,
Outpatient visits,2024-2025,9/27/2025,"3,400,000","4,800,000",,,,,,,,
Illnesses,2024-2025,9/27/2025,"14,100,000","20,700,000",,,,,,,,
Deaths,2025-2026,1/31/2026,"9,200","25,000",,,,,,,,
Hospitalizations,2025-2026,1/31/2026,"86,000","140,000",,,,,,,,
Outpatient visits,2025-2026,1/31/2026,"540,000","1,400,000",,,,,,,,
Illnesses,2025-2026,1/31/2026,"2,600,000","7,300,000",,,,,,,,
Deaths,2025-2026,2/7/2026,"9,300","26,000",,,,,,,,
Hospitalizations,2025-2026,2/7/2026,"90,000","150,000",,,,,,,,
Outpatient visits,2025-2026,2/7/2026,"590,000","1,500,000",,,,,,,,
Illnesses,2025-2026,2/7/2026,"2,800,000","7,900,000",,,,,,,,
Deaths,2025-2026,2/14/2026,"10,000","28,000",,,,,,,,
Hospitalizations,2025-2026,2/14/2026,"95,000","160,000",,,,,,,,
Outpatient visits,2025-2026,2/14/2026,"600,000","1,600,000",,,,,,,,
Illnesses,2025-2026,2/14/2026,"2,900,000","8,400,000",,,,,,,,
Deaths,2025-2026,2/21/2026,"10,000","30,000",,,,,,,,
Hospitalizations,2025-2026,2/21/2026,"96,000","170,000",,,,,,,,
Outpatient visits,2025-2026,2/21/2026,"610,000","1,600,000",,,,,,,,
Illnesses,2025-2026,2/21/2026,"3,100,000","9,000,000",,,,,,,,
Deaths,2025-2026,2/28/2026,"11,000","32,000",,,,,,,,
Hospitalizations,2025-2026,2/28/2026,"99,000","180,000",,,,,,,,
Outpatient visits,2025-2026,2/28/2026,"640,000","1,800,000",,,,,,,,
Illnesses,2025-2026,2/28/2026,"3,200,000","9,400,000",,,,,,,,
Deaths,2025-2026,3/7/2026,"11,000","33,000",,,,,,,,
Hospitalizations,2025-2026,3/7/2026,"100,000","190,000",,,,,,,,
Outpatient visits,2025-2026,3/7/2026,"650,000","1,800,000",,,,,,,,
Illnesses,2025-2026,3/7/2026,"3,200,000","10,000,000",,,,,,,,
Deaths,2025-2026,3/14/2026,"12,000","35,000",,,,,,,,
Hospitalizations,2025-2026,3/14/2026,"110,000","210,000",,,,,,,,
Outpatient visits,2025-2026,3/14/2026,"680,000","1,900,000",,,,,,,,
Illnesses,2025-2026,3/14/2026,"3,300,000","10,400,000",,,,,,,,
Deaths,2025-2026,3/21/2026,"12,000","37,000",,,,,,,,
Hospitalizations,2025-2026,3/21/2026,"110,000","210,000",,,,,,,,
Outpatient visits,2025-2026,3/21/2026,"700,000","2,000,000",,,,,,,,
Illnesses,2025-2026,3/21/2026,"3,400,000","10,800,000",,,,,,,,
Deaths,2025-2026,3/28/2026,"12,000","37,000",,,,,,,,
Hospitalizations,2025-2026,3/28/2026,"110,000","220,000",,,,,,,,
Outpatient visits,2025-2026,3/28/2026,"720,000","2,000,000",,,,,,,,
Illnesses,2025-2026,3/28/2026,"3,500,000","11,000,000",,,,,,,,
Deaths,2025-2026,4/4/2026,"12,000","38,000",,,,,,,,
Hospitalizations,2025-2026,4/4/2026,"110,000","230,000",,,,,,,,
Outpatient visits,2025-2026,4/4/2026,"720,000","2,100,000",,,,,,,,
Illnesses,2025-2026,4/4/2026,"3,600,000","11,500,000",,,,,,,,
Deaths,2025-2026,4/11/2026,"13,000","40,000",,,,,,,,
Hospitalizations,2025-2026,4/11/2026,"110,000","230,000",,,,,,,,
Outpatient visits,2025-2026,4/11/2026,"750,000","2,200,000",,,,,,,,
Illnesses,2025-2026,4/11/2026,"3,700,000","11,800,000",,,,,,,,
Deaths,2025-2026,4/18/2026,"13,000","40,000",,,,,,,,
Hospitalizations,2025-2026,4/18/2026,"110,000","240,000",,,,,,,,
Outpatient visits,2025-2026,4/18/2026,"740,000","2,200,000",,,,,,,,
Illnesses,2025-2026,4/18/2026,"3,700,000","11,900,000",,,,,,,,
Deaths,2025-2026,4/25/2026,"12,000","41,000",,,,,,,,
Hospitalizations,2025-2026,4/25/2026,"120,000","250,000",,,,,,,,
Outpatient visits,2025-2026,4/25/2026,"740,000","2,300,000",,,,,,,,
Illnesses,2025-2026,4/25/2026,"3,900,000","12,400,000",,,,,,,,
